t,4xMe,4xVr,4xMx,4xMi,4xUM,4xLM,4yMe,4yVr,4yMx,4yMn,4yUM,4yLM,4zMe,4zVr,4zMx,4zMi,4zUM,4zLM,4dxMe,4dxVr,4dxMx,4dxMi,4dxUM,4dxLM,4dyMe,4dyVr,4dyMx,4dyMn,4dyUM,4dyLM,4dzMe,4dzVr,4dzMx,4dzMi,4dzUM,4dzLM
1709255225975.0,1.50957852602005,0.09734050432351822,1.907796025276184,1.0623425245285034,1.0938575863838196,1.9007859627405803,0.7494779288768768,0.024176402146204944,0.936200737953186,0.49968963861465454,0.504439651966095,0.9060928424199423,0.6517633080482483,0.1994776195169925,1.9342248439788818,0.26572084426879883,0.3141299784183502,1.1080631613731384,1.50957852602005,0.09734050432351822,1.907796025276184,1.0623425245285034,1.0938575863838196,1.9007859627405803,0.7494779288768768,0.024176402146204944,0.936200737953186,0.49968963861465454,0.504439651966095,0.9060928424199423,0.6517633080482483,0.1994776195169925,1.9342248439788818,0.26572084426879883,0.3141299784183502,1.1080631613731384
