t,0xMe,0xVr,0xMx,0xMi,0xUM,0xLM,0yMe,0yVr,0yMx,0yMn,0yUM,0yLM,0zMe,0zVr,0zMx,0zMi,0zUM,0zLM,0dxMe,0dxVr,0dxMx,0dxMi,0dxUM,0dxLM,0dyMe,0dyVr,0dyMx,0dyMn,0dyUM,0dyLM,0dzMe,0dzVr,0dzMx,0dzMi,0dzUM,0dzLM
1709255225975.0,-0.056672493376984046,0.01579456181199017,0.22270341118176779,-0.2487482753319618,-0.21355515689804005,0.10139743008165276,0.18636415203412374,0.0028764663710885347,0.27392889138979787,0.09847930914316422,0.11692333297851758,0.25736363728841144,0.022550404973519157,0.00046142115743646886,0.04899598757425944,-0.026463671372486994,-0.009544506669044495,0.04446572849893163,-0.056672493376984046,0.01579456181199017,0.22270341118176779,-0.2487482753319618,-0.21355515689804005,0.10139743008165276,0.18636415203412374,0.0028764663710885347,0.27392889138979787,0.09847930914316422,0.11692333297851758,0.25736363728841144,0.022550404973519157,0.00046142115743646886,0.04899598757425944,-0.026463671372486994,-0.009544506669044495,0.04446572849893163
