t,1xMe,1xVr,1xMx,1xMi,1xUM,1xLM,1yMe,1yVr,1yMx,1yMn,1yUM,1yLM,1zMe,1zVr,1zMx,1zMi,1zUM,1zLM,1dxMe,1dxVr,1dxMx,1dxMi,1dxUM,1dxLM,1dyMe,1dyVr,1dyMx,1dyMn,1dyUM,1dyLM,1dzMe,1dzVr,1dzMx,1dzMi,1dzUM,1dzLM
1709255225975.0,0.10859048143029212,0.05404521343079223,0.44624513387680054,-0.22586116194725037,-0.21559444069862366,0.3855181733767192,0.31882991194725036,0.007910615345709752,0.5009201169013977,0.1886451244354248,0.19621163606643677,0.42260080575942993,0.03936724662780762,0.0020222707915627325,0.12441176176071167,-0.021492063999176025,-0.012501686811447144,0.0955786903699239,0.10859048143029212,0.05404521343079223,0.44624513387680054,-0.22586116194725037,-0.21559444069862366,0.3855181733767192,0.31882991194725036,0.007910615345709752,0.5009201169013977,0.1886451244354248,0.19621163606643677,0.42260080575942993,0.03936724662780762,0.0020222707915627325,0.12441176176071167,-0.021492063999176025,-0.012501686811447144,0.0955786903699239
