t,5xMe,5xVr,5xMx,5xMi,5xUM,5xLM,5yMe,5yVr,5yMx,5yMn,5yUM,5yLM,5zMe,5zVr,5zMx,5zMi,5zUM,5zLM,5dxMe,5dxVr,5dxMx,5dxMi,5dxUM,5dxLM,5dyMe,5dyVr,5dyMx,5dyMn,5dyUM,5dyLM,5dzMe,5dzVr,5dzMx,5dzMi,5dzUM,5dzLM
1709255225975.0,-2.274717426300049,0.0806321223915967,-1.714084506034851,-2.7102792263031006,-2.6326260566711426,-1.924322525660197,-0.7614337503910065,0.05577156175790865,-0.4536130428314209,-1.191695213317871,-1.14990234375,-0.5005688269933065,-0.6665514349937439,0.32332858096897626,-0.3288090229034424,-2.350283622741699,-1.4960228204727173,-0.38712724049886066,-2.274717426300049,0.0806321223915967,-1.714084506034851,-2.7102792263031006,-2.6326260566711426,-1.924322525660197,-0.7614337503910065,0.05577156175790865,-0.4536130428314209,-1.191695213317871,-1.14990234375,-0.5005688269933065,-0.6665514349937439,0.32332858096897626,-0.3288090229034424,-2.350283622741699,-1.4960228204727173,-0.38712724049886066
