t,7xMe,7xVr,7xMx,7xMi,7xUM,7xLM,7yMe,7yVr,7yMx,7yMn,7yUM,7yLM,7zMe,7zVr,7zMx,7zMi,7zUM,7zLM,7dxMe,7dxVr,7dxMx,7dxMi,7dxUM,7dxLM,7dyMe,7dyVr,7dyMx,7dyMn,7dyUM,7dyLM,7dzMe,7dzVr,7dzMx,7dzMi,7dzUM,7dzLM
1709255225975.0,0.055001193471252915,0.0011700040007402161,0.11873893439769745,0.01824924349784851,0.019020505249500275,0.10088281333446503,0.04022279977798462,0.0014872366416378213,0.14557504653930664,0.005562961101531982,0.006081104278564453,0.08456917603810628,0.011268556118011475,0.0002256888207362806,0.041820526123046875,0.00012004375457763672,0.0004284381866455078,0.03093014160792033,0.055001193471252915,0.0011700040007402161,0.11873893439769745,0.01824924349784851,0.019020505249500275,0.10088281333446503,0.04022279977798462,0.0014872366416378213,0.14557504653930664,0.005562961101531982,0.006081104278564453,0.08456917603810628,0.011268556118011475,0.0002256888207362806,0.041820526123046875,0.00012004375457763672,0.0004284381866455078,0.03093014160792033
