t,6xMe,6xVr,6xMx,6xMi,6xUM,6xLM,6yMe,6yVr,6yMx,6yMn,6yUM,6yLM,6zMe,6zVr,6zMx,6zMi,6zUM,6zLM,6dxMe,6dxVr,6dxMx,6dxMi,6dxUM,6dxLM,6dyMe,6dyVr,6dyMx,6dyMn,6dyUM,6dyLM,6dzMe,6dzVr,6dzMx,6dzMi,6dzUM,6dzLM
1709255225975.0,2.274717426300049,0.0806321223915967,2.7102792263031006,1.714084506034851,1.8439443111419678,2.5957044760386148,0.8681494235992432,0.02785364663035438,1.191695213317871,0.6626867651939392,0.672505646944046,1.078668475151062,0.73806192278862,0.29713375223417277,2.350283622741699,0.4263285994529724,0.4406585097312927,1.2467494209607441,2.274717426300049,0.0806321223915967,2.7102792263031006,1.714084506034851,1.8439443111419678,2.5957044760386148,0.8681494235992432,0.02785364663035438,1.191695213317871,0.6626867651939392,0.672505646944046,1.078668475151062,0.73806192278862,0.29713375223417277,2.350283622741699,0.4263285994529724,0.4406585097312927,1.2467494209607441
