t,2xMe,2xVr,2xMx,2xMi,2xUM,2xLM,2yMe,2yVr,2yMx,2yMn,2yUM,2yLM,2zMe,2zVr,2zMx,2zMi,2zUM,2zLM,2dxMe,2dxVr,2dxMx,2dxMi,2dxUM,2dxLM,2dyMe,2dyVr,2dyMx,2dyMn,2dyUM,2dyLM,2dzMe,2dzVr,2dzMx,2dzMi,2dzUM,2dzLM
1709255225975.0,1.1282063950943342,0.020094727397519052,1.3260566340790505,0.8604243872257737,0.9234136984853719,1.28250796910526,0.4422673555252746,0.005194937305324112,0.5366659796346668,0.33952054971952444,0.3463634408657785,0.5303098729832185,0.3163848029424204,0.04265646856290923,0.907331775044533,0.1530253658700606,0.15356971099839506,0.5195252532289565,1.1282063950943342,0.020094727397519052,1.3260566340790505,0.8604243872257737,0.9234136984853719,1.28250796910526,0.4422673555252746,0.005194937305324112,0.5366659796346668,0.33952054971952444,0.3463634408657785,0.5303098729832185,0.3163848029424204,0.04265646856290923,0.907331775044533,0.1530253658700606,0.15356971099839506,0.5195252532289565
