t,5xMe,5xVr,5xMx,5xMi,5xUM,5xLM,5yMe,5yVr,5yMx,5yMn,5yUM,5yLM,5zMe,5zVr,5zMx,5zMi,5zUM,5zLM,5dxMe,5dxVr,5dxMx,5dxMi,5dxUM,5dxLM,5dyMe,5dyVr,5dyMx,5dyMn,5dyUM,5dyLM,5dzMe,5dzVr,5dzMx,5dzMi,5dzUM,5dzLM
1709262097995.0,-1.181710658967495,0.15567069898832514,-0.24425290524959564,-1.9572926759719849,-1.656853973865509,-0.8113489101330439,-0.2719707727432251,0.036877529937793974,0.09890809655189514,-0.6059865951538086,-0.5383583307266235,-0.06764279802640279,-0.5712466597557068,0.03517376459881817,-0.20889025926589966,-0.962835967540741,-0.8383048474788666,-0.3617735505104065,-1.181710658967495,0.15567069898832514,-0.24425290524959564,-1.9572926759719849,-1.656853973865509,-0.8113489101330439,-0.2719707727432251,0.036877529937793974,0.09890809655189514,-0.6059865951538086,-0.5383583307266235,-0.06764279802640279,-0.5712466597557068,0.03517376459881817,-0.20889025926589966,-0.962835967540741,-0.8383048474788666,-0.3617735505104065
1709262107995.0,-1.0941010057926177,0.12441430795744599,-0.4610934853553772,-1.888805866241455,-1.6018670797348022,-0.7129417459170023,-0.2526759922504425,0.014118823028866103,-0.06927227973937988,-0.4352567493915558,-0.42582206428050995,-0.10256383816401164,-0.5837628424167634,0.028418878125747726,-0.35405319929122925,-0.8259955644607544,-0.8209375739097595,-0.40239715576171875,0.08760965317487734,-0.031256391030879155,-0.21684058010578156,0.06848680973052979,0.05498689413070679,0.09840716421604156,0.019294780492782604,-0.02275870690892787,-0.16818037629127502,0.1707298457622528,0.11253626644611359,-0.034921040137608855,-0.012516182661056585,-0.0067548864730704455,-0.1451629400253296,0.13684040307998657,0.017367273569107056,-0.040623605251312256
