t,0xMe,0xVr,0xMx,0xMi,0xUM,0xLM,0yMe,0yVr,0yMx,0yMn,0yUM,0yLM,0zMe,0zVr,0zMx,0zMi,0zUM,0zLM,0dxMe,0dxVr,0dxMx,0dxMi,0dxUM,0dxLM,0dyMe,0dyVr,0dyMx,0dyMn,0dyUM,0dyLM,0dzMe,0dzVr,0dzMx,0dzMi,0dzUM,0dzLM
1709262097995.0,-0.09359391875660572,0.009101374527693855,0.08620539689675355,-0.23962612029833671,-0.20040401816368103,0.036430750981482685,0.31981314224883534,0.026397024886856905,0.5414520276662631,-0.018068757194739122,0.0628346205712893,0.4960086937261443,0.14294559585455902,0.009391365569988097,0.3094241676422266,-0.01511897949072031,0.005681034487982592,0.2556074410676956,-0.09359391875660572,0.009101374527693855,0.08620539689675355,-0.23962612029833671,-0.20040401816368103,0.036430750981482685,0.31981314224883534,0.026397024886856905,0.5414520276662631,-0.018068757194739122,0.0628346205712893,0.4960086937261443,0.14294559585455902,0.009391365569988097,0.3094241676422266,-0.01511897949072031,0.005681034487982592,0.2556074410676956
1709262107995.0,-0.09602324912945429,0.007726060001691648,0.011942470302948585,-0.2624221199598068,-0.25737654284024847,-0.014073931381233737,0.2989816400485161,0.005593257622560291,0.4023204365601906,0.17412083495694858,0.18949653915105724,0.3911103604313655,0.07402208118866652,0.0034232646737185637,0.13355934696319777,-0.003826412252890758,-0.003778060181782796,0.13301545578954568,-0.002429330372848565,-0.001375314526002206,-0.07426292659380497,-0.022795999661470084,-0.05697252467656744,-0.05050468236271642,-0.020831502200319263,-0.020803767264296613,-0.13913159110607248,0.1921895921516877,0.12666191857976794,-0.10489833329477882,-0.0689235146658925,-0.005968100896269533,-0.1758648206790288,0.011292567237829551,-0.009459094669765387,-0.12259198527814993
