t,7xMe,7xVr,7xMx,7xMi,7xUM,7xLM,7yMe,7yVr,7yMx,7yMn,7yUM,7yLM,7zMe,7zVr,7zMx,7zMi,7zUM,7zLM,7dxMe,7dxVr,7dxMx,7dxMi,7dxUM,7dxLM,7dyMe,7dyVr,7dyMx,7dyMn,7dyUM,7dyLM,7dzMe,7dzVr,7dzMx,7dzMi,7dzUM,7dzLM
1709262097995.0,0.015608763508498668,0.00012262899075863895,0.03952890634536743,0.0013409256935119629,0.0031994283199310303,0.02889491120974223,0.01975156515836716,0.0007733992877742991,0.09890809655189514,7.799267768859863e-05,0.0006971210241317749,0.04957882811625799,0.019175761751830576,0.0002275090971642094,0.04960411787033081,0.006767330691218376,0.007461412809789181,0.038115729888280235,0.015608763508498668,0.00012262899075863895,0.03952890634536743,0.0013409256935119629,0.0031994283199310303,0.02889491120974223,0.01975156515836716,0.0007733992877742991,0.09890809655189514,7.799267768859863e-05,0.0006971210241317749,0.04957882811625799,0.019175761751830576,0.0002275090971642094,0.04960411787033081,0.006767330691218376,0.007461412809789181,0.038115729888280235
1709262107995.0,0.010619357228279114,9.645122666825933e-05,0.03773409128189087,0.0015866458415985107,0.0017846673727035522,0.021177669366200764,0.02420560587197542,0.000856366902083909,0.10289233922958374,0.002551781013607979,0.0035045677796006203,0.05927985906600952,0.018308235704898833,0.0004678937911249937,0.07750220596790314,0.0012400150299072266,0.0021962225437164307,0.0443844199180603,-0.004989406280219554,-2.6177764090379622e-05,-0.0017948150634765625,0.00024572014808654785,-0.001414760947227478,-0.0077172418435414655,0.004454040713608262,8.296761430960989e-05,0.003984242677688599,0.00247378833591938,0.0028074467554688454,0.009701030949751534,-0.0008675260469317436,0.00024038469396078427,0.027898088097572327,-0.00552731566131115,-0.00526519026607275,0.006268690029780068
