t,1xMe,1xVr,1xMx,1xMi,1xUM,1xLM,1yMe,1yVr,1yMx,1yMn,1yUM,1yLM,1zMe,1zVr,1zMx,1zMi,1zUM,1zLM,1dxMe,1dxVr,1dxMx,1dxMi,1dxUM,1dxLM,1dyMe,1dyVr,1dyMx,1dyMn,1dyUM,1dyLM,1dzMe,1dzVr,1dzMx,1dzMi,1dzUM,1dzLM
1709262097995.0,0.037499544024467465,0.011656725100321133,0.22667360305786133,-0.20170843601226807,-0.13251405954360962,0.13875436782836914,0.2778877779841423,0.030195566915674578,0.5441256165504456,-0.007640630006790161,0.056006282567977905,0.49828797578811646,0.16893237680196763,0.022431771684740663,0.4089938998222351,-0.041494131088256836,-0.03784528374671936,0.36328063408533734,0.037499544024467465,0.011656725100321133,0.22667360305786133,-0.20170843601226807,-0.13251405954360962,0.13875436782836914,0.2778877779841423,0.030195566915674578,0.5441256165504456,-0.007640630006790161,0.056006282567977905,0.49828797578811646,0.16893237680196763,0.022431771684740663,0.4089938998222351,-0.041494131088256836,-0.03784528374671936,0.36328063408533734
1709262107995.0,-0.00161268413066864,0.01660519148015887,0.26628246903419495,-0.2176101803779602,-0.17043337225914001,0.15319636464118958,0.26282561048865316,0.01280481603110344,0.4209989011287689,0.04456617683172226,0.0882456935942173,0.3976803918679555,0.06513757184147835,0.01454284299577773,0.37435978651046753,-0.09161907434463501,-0.07763414084911346,0.19779429833094278,-0.039112228155136104,0.004948466379837736,0.03960886597633362,-0.01590174436569214,-0.037919312715530396,0.014441996812820435,-0.015062167495489165,-0.01739075088457114,-0.12312671542167664,0.05220680683851242,0.032239411026239395,-0.10060758392016095,-0.10379480496048928,-0.007888928688962933,-0.03463411331176758,-0.050124943256378174,-0.039788857102394104,-0.16548633575439456
