t,2xMe,2xVr,2xMx,2xMi,2xUM,2xLM,2yMe,2yVr,2yMx,2yMn,2yUM,2yLM,2zMe,2zVr,2zMx,2zMi,2zUM,2zLM,2dxMe,2dxVr,2dxMx,2dxMi,2dxUM,2dxLM,2dyMe,2dyVr,2dyMx,2dyMn,2dyUM,2dyLM,2dzMe,2dzVr,2dzMx,2dzMi,2dzUM,2dzLM
1709262097995.0,0.4968128531659383,0.02107590574032435,0.636630860563345,0.11388674660196278,0.27047072674791106,0.6221445487243901,0.3522292376931811,0.015798581476609206,0.5117370170215305,0.04200659048538116,0.16006270402067535,0.4628202642584435,0.3585278319785935,0.014819731779714998,0.6036105246637431,0.13078328425551444,0.18256430252196176,0.49378552257648733,0.4968128531659383,0.02107590574032435,0.636630860563345,0.11388674660196278,0.27047072674791106,0.6221445487243901,0.3522292376931811,0.015798581476609206,0.5117370170215305,0.04200659048538116,0.16006270402067535,0.4628202642584435,0.3585278319785935,0.014819731779714998,0.6036105246637431,0.13078328425551444,0.18256430252196176,0.49378552257648733
1709262107995.0,0.4812193379356291,0.01927133169809918,0.7095450401480571,0.25286272467049614,0.2745902511390642,0.6359397646189547,0.33719000664639187,0.0030819715182521753,0.40263513660691314,0.228921047040485,0.23783877038566054,0.392060069490495,0.38564371437692246,0.0026763730571882126,0.48084777033145604,0.2732517733324381,0.31519933327994143,0.4425008439536235,-0.015593515230309218,-0.001804574042225171,0.07291417958471214,0.13897597806853335,0.004119524391153151,0.013795215894564672,-0.015039231046789225,-0.012716609958357031,-0.10910188041461738,0.18691445655510383,0.07777606636498519,-0.07076019476794854,0.02711588239832896,-0.012143358722526785,-0.12276275433228706,0.14246848907692367,0.13263503075797967,-0.051284678622863844
