t,4xMe,4xVr,4xMx,4xMi,4xUM,4xLM,4yMe,4yVr,4yMx,4yMn,4yUM,4yLM,4zMe,4zVr,4zMx,4zMi,4zUM,4zLM,4dxMe,4dxVr,4dxMx,4dxMi,4dxUM,4dxLM,4dyMe,4dyVr,4dyMx,4dyMn,4dyUM,4dyLM,4dzMe,4dzVr,4dzMx,4dzMi,4dzUM,4dzLM
1709262097995.0,0.6029658824205398,0.015445076808894606,0.765855073928833,0.2742603123188019,0.4191702753305435,0.7137371301651001,1.214070799946785,0.25281698708502,1.8135569095611572,0.019623667001724243,0.41814376413822174,1.7255707581837971,0.7874943614006042,0.05239440883481805,1.2015200853347778,0.3463507890701294,0.4533700942993164,1.0371145804723103,0.6029658824205398,0.015445076808894606,0.765855073928833,0.2742603123188019,0.4191702753305435,0.7137371301651001,1.214070799946785,0.25281698708502,1.8135569095611572,0.019623667001724243,0.41814376413822174,1.7255707581837971,0.7874943614006042,0.05239440883481805,1.2015200853347778,0.3463507890701294,0.4533700942993164,1.0371145804723103
1709262107995.0,0.5629197180271148,0.02829329320830215,0.8548018336296082,0.32011544704437256,0.3254837393760681,0.7442881067593893,1.025658518075943,0.0450214049000154,1.389289379119873,0.7179362177848816,0.7648926973342896,1.2984565893809001,0.6891193807125091,0.01820216655915491,0.9200739860534668,0.3869764804840088,0.5035362541675568,0.8356593251228333,-0.04004616439342501,0.012848216399407544,0.08894675970077515,0.04585513472557068,-0.0936865359544754,0.03055097659428918,-0.18841228187084202,-0.20779558218500457,-0.4242675304412842,0.6983125507831573,0.3467489331960678,-0.427114168802897,-0.09837498068809514,-0.03419224227566314,-0.28144609928131104,0.040625691413879395,0.050166159868240356,-0.20145525534947706
