t,6xMe,6xVr,6xMx,6xMi,6xUM,6xLM,6yMe,6yVr,6yMx,6yMn,6yUM,6yLM,6zMe,6zVr,6zMx,6zMi,6zUM,6zLM,6dxMe,6dxVr,6dxMx,6dxMi,6dxUM,6dxLM,6dyMe,6dyVr,6dyMx,6dyMn,6dyUM,6dyLM,6dzMe,6dzVr,6dzMx,6dzMi,6dzUM,6dzLM
1709262097995.0,1.1847113996744156,0.15012560370623731,1.9572926759719849,0.2742603123188019,0.6820770651102066,1.5550496180852253,1.2274492293596269,0.222468175136056,1.8135569095611572,0.1534079611301422,0.4850359112024307,1.7255707581837971,0.7982593297958374,0.05489477254169998,1.2015200853347778,0.3463507890701294,0.4533700942993164,1.0454706350962322,1.1847113996744156,0.15012560370623731,1.9572926759719849,0.2742603123188019,0.6820770651102066,1.5550496180852253,1.2274492293596269,0.222468175136056,1.8135569095611572,0.1534079611301422,0.4850359112024307,1.7255707581837971,0.7982593297958374,0.05489477254169998,1.2015200853347778,0.3463507890701294,0.4533700942993164,1.0454706350962322
1709262107995.0,1.0941010057926177,0.12441430795744599,1.888805866241455,0.4610934853553772,0.6040869057178497,1.4677048524220784,1.025658518075943,0.0450214049000154,1.389289379119873,0.7179362177848816,0.7648926973342896,1.2984565893809001,0.7152533233165741,0.014902249745935769,0.9200739860534668,0.4869126081466675,0.5560306012630463,0.8614457448323568,-0.09061039388179792,-0.02571129574879133,-0.06848680973052979,0.18683317303657532,-0.07799015939235687,-0.08734476566314697,-0.20179071128368387,-0.17744677023604058,-0.4242675304412842,0.5645282566547394,0.2798567861318588,-0.427114168802897,-0.08300600647926326,-0.03999252279576421,-0.28144609928131104,0.14056181907653809,0.10266050696372986,-0.18402489026387536
