t,0xMe,0xVr,0xMx,0xMi,0xUM,0xLM,0yMe,0yVr,0yMx,0yMn,0yUM,0yLM,0zMe,0zVr,0zMx,0zMi,0zUM,0zLM,0dxMe,0dxVr,0dxMx,0dxMi,0dxUM,0dxLM,0dyMe,0dyVr,0dyMx,0dyMn,0dyUM,0dyLM,0dzMe,0dzVr,0dzMx,0dzMi,0dzUM,0dzLM
1709253229976.0,-0.0002735794482068119,1.547646546544927e-06,0.002937236657509437,-0.0017408080972157992,-0.0015527658546582246,0.0011130303908617068,-0.0001870410883019113,5.510517572919661e-06,0.005753075465177879,-0.0034457938029215885,-0.00255282930074594,0.0024697258431687313,-0.001617249107768393,1.6321345728474171e-06,-0.0001930838976150904,-0.0044559056942279525,-0.0038123757411272097,-0.00030182518510736973,-0.0002735794482068119,1.547646546544927e-06,0.002937236657509437,-0.0017408080972157992,-0.0015527658546582246,0.0011130303908617068,-0.0001870410883019113,5.510517572919661e-06,0.005753075465177879,-0.0034457938029215885,-0.00255282930074594,0.0024697258431687313,-0.001617249107768393,1.6321345728474171e-06,-0.0001930838976150904,-0.0044559056942279525,-0.0038123757411272097,-0.00030182518510736973
