t,6xMe,6xVr,6xMx,6xMi,6xUM,6xLM,6yMe,6yVr,6yMx,6yMn,6yUM,6yLM,6zMe,6zVr,6zMx,6zMi,6zUM,6zLM,6dxMe,6dxVr,6dxMx,6dxMi,6dxUM,6dxLM,6dyMe,6dyVr,6dyMx,6dyMn,6dyUM,6dyLM,6dzMe,6dzVr,6dzMx,6dzMi,6dzUM,6dzLM
1709253229976.0,0.034576017409563065,0.00025522434701049924,0.05743071436882019,0.010230094194412231,0.010289333760738373,0.05530550082524618,0.030023157596588135,0.00028401196332588085,0.07018986344337463,0.007998049259185791,0.010069787502288818,0.04902678728103638,0.03211972117424011,0.0002445669697047848,0.05346536636352539,0.007749080657958984,0.010771304368972778,0.05131540695826212,0.034576017409563065,0.00025522434701049924,0.05743071436882019,0.010230094194412231,0.010289333760738373,0.05530550082524618,0.030023157596588135,0.00028401196332588085,0.07018986344337463,0.007998049259185791,0.010069787502288818,0.04902678728103638,0.03211972117424011,0.0002445669697047848,0.05346536636352539,0.007749080657958984,0.010771304368972778,0.05131540695826212
