t,7xMe,7xVr,7xMx,7xMi,7xUM,7xLM,7yMe,7yVr,7yMx,7yMn,7yUM,7yLM,7zMe,7zVr,7zMx,7zMi,7zUM,7zLM,7dxMe,7dxVr,7dxMx,7dxMi,7dxUM,7dxLM,7dyMe,7dyVr,7dyMx,7dyMn,7dyUM,7dyLM,7dzMe,7dzVr,7dzMx,7dzMi,7dzUM,7dzLM
1709253229976.0,0.0003022193908691406,9.05183772470508e-08,0.0009060651063919067,1.2561678886413574e-05,3.371387720108032e-05,0.000738680362701416,0.00015949904918670653,1.648301982903888e-08,0.0003674030303955078,1.5974044799804688e-05,1.6286969184875488e-05,0.00033284227053324383,0.00015003681182861327,3.595579869397624e-09,0.0002562403678894043,6.42538070678711e-05,7.12275505065918e-05,0.00022610028584798178,0.0003022193908691406,9.05183772470508e-08,0.0009060651063919067,1.2561678886413574e-05,3.371387720108032e-05,0.000738680362701416,0.00015949904918670653,1.648301982903888e-08,0.0003674030303955078,1.5974044799804688e-05,1.6286969184875488e-05,0.00033284227053324383,0.00015003681182861327,3.595579869397624e-09,0.0002562403678894043,6.42538070678711e-05,7.12275505065918e-05,0.00022610028584798178
