t,2xMe,2xVr,2xMx,2xMi,2xUM,2xLM,2yMe,2yVr,2yMx,2yMn,2yUM,2yLM,2zMe,2zVr,2zMx,2zMi,2zUM,2zLM,2dxMe,2dxVr,2dxMx,2dxMi,2dxUM,2dxLM,2dyMe,2dyVr,2dyMx,2dyMn,2dyUM,2dyLM,2dzMe,2dzVr,2dzMx,2dzMi,2dzUM,2dzLM
1709253229976.0,0.0113032505998109,2.0783425001243268e-05,0.019693207719189938,0.004420933682391093,0.0046083731383079855,0.01673553962075384,0.010950889296405508,4.303389510951431e-05,0.028388833893721727,0.0033388527792146392,0.0037983766860899765,0.01800921705282292,0.011719611607229945,2.7418835683629773e-05,0.020030254339315157,0.003149141125284345,0.0037376827178701687,0.017854882194623254,0.0113032505998109,2.0783425001243268e-05,0.019693207719189938,0.004420933682391093,0.0046083731383079855,0.01673553962075384,0.010950889296405508,4.303389510951431e-05,0.028388833893721727,0.0033388527792146392,0.0037983766860899765,0.01800921705282292,0.011719611607229945,2.7418835683629773e-05,0.020030254339315157,0.003149141125284345,0.0037376827178701687,0.017854882194623254
