t,4xMe,4xVr,4xMx,4xMi,4xUM,4xLM,4yMe,4yVr,4yMx,4yMn,4yUM,4yLM,4zMe,4zVr,4zMx,4zMi,4zUM,4zLM,4dxMe,4dxVr,4dxMx,4dxMi,4dxUM,4dxLM,4dyMe,4dyVr,4dyMx,4dyMn,4dyUM,4dyLM,4dzMe,4dzVr,4dzMx,4dzMi,4dzUM,4dzLM
1709253229976.0,0.027618177235126495,0.00020167108279692814,0.05262872576713562,0.007907301187515259,0.008591607213020325,0.04417279859383901,0.027876023948192597,0.0003087673896381227,0.07018986344337463,0.00522574782371521,0.008683636784553528,0.04902678728103638,0.026085543632507324,0.00019928607897469423,0.04728597402572632,0.003249645233154297,0.0062625110149383545,0.044444878896077476,0.027618177235126495,0.00020167108279692814,0.05262872576713562,0.007907301187515259,0.008591607213020325,0.04417279859383901,0.027876023948192597,0.0003087673896381227,0.07018986344337463,0.00522574782371521,0.008683636784553528,0.04902678728103638,0.026085543632507324,0.00019928607897469423,0.04728597402572632,0.003249645233154297,0.0062625110149383545,0.044444878896077476
