t,5xMe,5xVr,5xMx,5xMi,5xUM,5xLM,5yMe,5yVr,5yMx,5yMn,5yUM,5yLM,5zMe,5zVr,5zMx,5zMi,5zUM,5zLM,5dxMe,5dxVr,5dxMx,5dxMi,5dxUM,5dxLM,5dyMe,5dyVr,5dyMx,5dyMn,5dyUM,5dyLM,5dzMe,5dzVr,5dzMx,5dzMi,5dzUM,5dzLM
1709253229976.0,-0.03058674857020378,0.00023105229212201875,-0.010230094194412231,-0.05743071436882019,-0.05664388835430145,-0.014153281847635904,-0.025826114416122436,0.0002978856512556049,-0.007998049259185791,-0.06897321343421936,-0.05290096998214722,-0.00932548443476359,-0.0316446840763092,0.0002528255152974523,-0.007749080657958984,-0.05346536636352539,-0.05207479000091553,-0.013575096925099691,-0.03058674857020378,0.00023105229212201875,-0.010230094194412231,-0.05743071436882019,-0.05664388835430145,-0.014153281847635904,-0.025826114416122436,0.0002978856512556049,-0.007998049259185791,-0.06897321343421936,-0.05290096998214722,-0.00932548443476359,-0.0316446840763092,0.0002528255152974523,-0.007749080657958984,-0.05346536636352539,-0.05207479000091553,-0.013575096925099691
