t,1xMe,1xVr,1xMx,1xMi,1xUM,1xLM,1yMe,1yVr,1yMx,1yMn,1yUM,1yLM,1zMe,1zVr,1zMx,1zMi,1zUM,1zLM,1dxMe,1dxVr,1dxMx,1dxMi,1dxUM,1dxLM,1dyMe,1dyVr,1dyMx,1dyMn,1dyUM,1dyLM,1dzMe,1dzVr,1dzMx,1dzMi,1dzUM,1dzLM
1709253229976.0,-0.0002511844038963318,1.8509486775752927e-06,0.0015135258436203003,-0.0020698606967926025,-0.0019078105688095093,0.0012810478607813518,-0.0005378082394599914,5.400951677183574e-06,0.004332780838012695,-0.004418462514877319,-0.0038558095693588257,0.0020246654748916626,-0.001396217942237854,3.2780248780373e-06,0.0018132925033569336,-0.005717873573303223,-0.004009902477264404,0.0003287394841512044,-0.0002511844038963318,1.8509486775752927e-06,0.0015135258436203003,-0.0020698606967926025,-0.0019078105688095093,0.0012810478607813518,-0.0005378082394599914,5.400951677183574e-06,0.004332780838012695,-0.004418462514877319,-0.0038558095693588257,0.0020246654748916626,-0.001396217942237854,3.2780248780373e-06,0.0018132925033569336,-0.005717873573303223,-0.004009902477264404,0.0003287394841512044
