t,0xMe,0xVr,0xMx,0xMi,0xUM,0xLM,0yMe,0yVr,0yMx,0yMn,0yUM,0yLM,0zMe,0zVr,0zMx,0zMi,0zUM,0zLM,0dxMe,0dxVr,0dxMx,0dxMi,0dxUM,0dxLM,0dyMe,0dyVr,0dyMx,0dyMn,0dyUM,0dyLM,0dzMe,0dzVr,0dzMx,0dzMi,0dzUM,0dzLM
1709257310976.0,0.0001869668511353133,5.530371957522097e-08,0.0005066262510342476,-0.00016755195600645883,-0.0001494502131878347,0.00044386458989137254,0.0003378083356639077,4.0610910071690185e-08,0.0005773971191583535,4.556787067226001e-05,4.632947147711292e-05,0.0005391958352719616,-0.001973051037980523,3.81319593134779e-08,-0.0017450268451984113,-0.002413158757346017,-0.002323289974268539,-0.0017966159388550327,0.0001869668511353133,5.530371957522097e-08,0.0005066262510342476,-0.00016755195600645883,-0.0001494502131878347,0.00044386458989137254,0.0003378083356639077,4.0610910071690185e-08,0.0005773971191583535,4.556787067226001e-05,4.632947147711292e-05,0.0005391958352719616,-0.001973051037980523,3.81319593134779e-08,-0.0017450268451984113,-0.002413158757346017,-0.002323289974268539,-0.0017966159388550327
