t,5xMe,5xVr,5xMx,5xMi,5xUM,5xLM,5yMe,5yVr,5yMx,5yMn,5yUM,5yLM,5zMe,5zVr,5zMx,5zMi,5zUM,5zLM,5dxMe,5dxVr,5dxMx,5dxMi,5dxUM,5dxLM,5dyMe,5dyVr,5dyMx,5dyMn,5dyUM,5dyLM,5dzMe,5dzVr,5dzMx,5dzMi,5dzUM,5dzLM
1709257310976.0,-0.0022422597277909516,5.35506076259206e-07,-0.0012281299568712711,-0.003478589002043009,-0.0034126017708331347,-0.001451015006750822,-0.0022926649544388056,2.137141259608334e-06,-0.0005524838343262672,-0.004709470085799694,-0.004489165032282472,-0.0009355557461579641,-0.0069140374660491945,2.6640760366127838e-05,-0.0036153197288513184,-0.021820068359375,-0.015304416418075562,-0.004006524880727132,-0.0022422597277909516,5.35506076259206e-07,-0.0012281299568712711,-0.003478589002043009,-0.0034126017708331347,-0.001451015006750822,-0.0022926649544388056,2.137141259608334e-06,-0.0005524838343262672,-0.004709470085799694,-0.004489165032282472,-0.0009355557461579641,-0.0069140374660491945,2.6640760366127838e-05,-0.0036153197288513184,-0.021820068359375,-0.015304416418075562,-0.004006524880727132
