t,1xMe,1xVr,1xMx,1xMi,1xUM,1xLM,1yMe,1yVr,1yMx,1yMn,1yUM,1yLM,1zMe,1zVr,1zMx,1zMi,1zUM,1zLM,1dxMe,1dxVr,1dxMx,1dxMi,1dxUM,1dxLM,1dyMe,1dyVr,1dyMx,1dyMn,1dyUM,1dyLM,1dzMe,1dzVr,1dzMx,1dzMi,1dzUM,1dzLM
1709257310976.0,0.00019100140780210496,1.0677415384431446e-07,0.0006765592843294144,-0.0002791536971926689,-0.0002781292423605919,0.0005703638307750225,0.00038935355842113496,3.961825713515167e-08,0.0007293545641005039,6.7148357629776e-05,0.00010127411223948002,0.0006175034989913305,-0.0019379317760467528,6.543226152899707e-08,-0.0017080903053283691,-0.0026671886444091797,-0.00232502818107605,-0.001763463020324707,0.00019100140780210496,1.0677415384431446e-07,0.0006765592843294144,-0.0002791536971926689,-0.0002781292423605919,0.0005703638307750225,0.00038935355842113496,3.961825713515167e-08,0.0007293545641005039,6.7148357629776e-05,0.00010127411223948002,0.0006175034989913305,-0.0019379317760467528,6.543226152899707e-08,-0.0017080903053283691,-0.0026671886444091797,-0.00232502818107605,-0.001763463020324707
