t,7xMe,7xVr,7xMx,7xMi,7xUM,7xLM,7yMe,7yVr,7yMx,7yMn,7yUM,7yLM,7zMe,7zVr,7zMx,7zMi,7zUM,7zLM,7dxMe,7dxVr,7dxMx,7dxMi,7dxUM,7dxLM,7dyMe,7dyVr,7dyMx,7dyMn,7dyUM,7dyLM,7dzMe,7dzVr,7dzMx,7dzMi,7dzUM,7dzLM
1709257310976.0,4.0000909939408304e-05,1.177134218877541e-09,0.00011176243424415588,9.778887033462524e-07,1.8989667296409607e-06,8.571132396658261e-05,5.130236968398094e-05,6.5325695291530705e-09,0.00027908477932214737,1.0509975254535675e-06,1.5811529010534286e-06,0.00014130274454752603,0.00013814568519592284,3.114545922500155e-08,0.0006390213966369629,1.3530254364013672e-05,1.531839370727539e-05,0.00032941500345865887,4.0000909939408304e-05,1.177134218877541e-09,0.00011176243424415588,9.778887033462524e-07,1.8989667296409607e-06,8.571132396658261e-05,5.130236968398094e-05,6.5325695291530705e-09,0.00027908477932214737,1.0509975254535675e-06,1.5811529010534286e-06,0.00014130274454752603,0.00013814568519592284,3.114545922500155e-08,0.0006390213966369629,1.3530254364013672e-05,1.531839370727539e-05,0.00032941500345865887
