t,2xMe,2xVr,2xMx,2xMi,2xUM,2xLM,2yMe,2yVr,2yMx,2yMn,2yUM,2yLM,2zMe,2zVr,2zMx,2zMi,2zUM,2zLM,2dxMe,2dxVr,2dxMx,2dxMi,2dxUM,2dxLM,2dyMe,2dyVr,2dyMx,2dyMn,2dyUM,2dyLM,2dzMe,2dzVr,2dzMx,2dzMi,2dzUM,2dzLM
1709257310976.0,0.001023685175971374,4.152396847042902e-08,0.0014277293699470309,0.0007190636097557607,0.0007858433199336248,0.0012833077582735989,0.0011494516161492825,2.123667302660894e-07,0.0018697941669247931,0.0005986562181048776,0.0006049431686306023,0.001768771901757938,0.0017086519552517204,1.2299155076369894e-06,0.0047788558885311135,0.0008807038205784883,0.0008965416983873948,0.0029720544478250266,0.001023685175971374,4.152396847042902e-08,0.0014277293699470309,0.0007190636097557607,0.0007858433199336248,0.0012833077582735989,0.0011494516161492825,2.123667302660894e-07,0.0018697941669247931,0.0005986562181048776,0.0006049431686306023,0.001768771901757938,0.0017086519552517204,1.2299155076369894e-06,0.0047788558885311135,0.0008807038205784883,0.0008965416983873948,0.0029720544478250266
