t,4xMe,4xVr,4xMx,4xMi,4xUM,4xLM,4yMe,4yVr,4yMx,4yMn,4yUM,4yLM,4zMe,4zVr,4zMx,4zMi,4zUM,4zLM,4dxMe,4dxVr,4dxMx,4dxMi,4dxUM,4dxLM,4dyMe,4dyVr,4dyMx,4dyMn,4dyUM,4dyLM,4dzMe,4dzVr,4dzMx,4dzMi,4dzUM,4dzLM
1709257310976.0,0.0023042709100991486,1.920662182291707e-07,0.003001929260790348,0.0015338612720370293,0.0016333118546754122,0.0027955980040133,0.002830463135614991,1.5503116291183349e-06,0.005387313198298216,0.0012973127886652946,0.0013222417328506708,0.004355443641543388,0.0025739610195159913,1.1737889584004794e-05,0.011582136154174805,-0.0006390213966369629,-0.00034922361373901367,0.006541748841603597,0.0023042709100991486,1.920662182291707e-07,0.003001929260790348,0.0015338612720370293,0.0016333118546754122,0.0027955980040133,0.002830463135614991,1.5503116291183349e-06,0.005387313198298216,0.0012973127886652946,0.0013222417328506708,0.004355443641543388,0.0025739610195159913,1.1737889584004794e-05,0.011582136154174805,-0.0006390213966369629,-0.00034922361373901367,0.006541748841603597
