t,6xMe,6xVr,6xMx,6xMi,6xUM,6xLM,6yMe,6yVr,6yMx,6yMn,6yUM,6yLM,6zMe,6zVr,6zMx,6zMi,6zUM,6zLM,6dxMe,6dxVr,6dxMx,6dxMi,6dxUM,6dxLM,6dyMe,6dyVr,6dyMx,6dyMn,6dyUM,6dyLM,6dzMe,6dzVr,6dzMx,6dzMi,6dzUM,6dzLM
1709257310976.0,0.0026241861749440433,2.3287423282357606e-07,0.003478589002043009,0.0018007773905992508,0.001996752806007862,0.003200432906548182,0.0029603943694382906,1.8897223469899736e-06,0.005387313198298216,0.0012973127886652946,0.0013222417328506708,0.00478854775428772,0.0069140374660491945,2.6640760366127838e-05,0.021820068359375,0.0036153197288513184,0.0038132667541503906,0.01228797435760498,0.0026241861749440433,2.3287423282357606e-07,0.003478589002043009,0.0018007773905992508,0.001996752806007862,0.003200432906548182,0.0029603943694382906,1.8897223469899736e-06,0.005387313198298216,0.0012973127886652946,0.0013222417328506708,0.00478854775428772,0.0069140374660491945,2.6640760366127838e-05,0.021820068359375,0.0036153197288513184,0.0038132667541503906,0.01228797435760498
